優先順位,店名,評価,口コミ数,サイトURL,検出された弱点,DM下書きステータス,繁盛度スコア,サイト弱さスコア,住所,電話,Googleマップ
1,MAKANA整体サロン 栄,4.9,499,https://makana-g.com/sakae/,（未チェック: この環境から店舗サイトへ接続できず。--recheck で再実行のこと）,,2445.1,,日本、〒460-0003 愛知県名古屋市中区錦３丁目６−５ コインズビル 8F,052-211-7095,https://maps.google.com/?cid=12671737529273050477&g_mp=Cidnb29nbGUubWFwcy5wbGFjZXMudjEuUGxhY2VzLlNlYXJjaFRleHQQAhgEIAA
2,名古屋ハピネス鍼灸接骨院・整体院丸の内,4.9,394,http://nagoyahappiness.com/,（未チェック: この環境から店舗サイトへ接続できず。--recheck で再実行のこと）,,1930.6,,日本、〒460-0002 愛知県名古屋市中区丸の内２丁目１７−２２ MSDビル 1F,052-684-6116,https://maps.google.com/?cid=16045999267729333572&g_mp=Cidnb29nbGUubWFwcy5wbGFjZXMudjEuUGxhY2VzLlNlYXJjaFRleHQQAhgEIAA
3,みのり整体,4.9,298,https://minori-st.jp/,（未チェック: この環境から店舗サイトへ接続できず。--recheck で再実行のこと）,,1460.2,,日本、〒460-0022 愛知県名古屋市中区金山１丁目４−４ 第９ タツミビル 北棟 702号,052-718-9796,https://maps.google.com/?cid=1126676658108405237&g_mp=Cidnb29nbGUubWFwcy5wbGFjZXMudjEuUGxhY2VzLlNlYXJjaFRleHQQAhgEIAA
4,MAKANA整体サロン 金山,5.0,252,https://makana-g.com/kanayama/,（未チェック: この環境から店舗サイトへ接続できず。--recheck で再実行のこと）,,1260.0,,日本、〒460-0022 愛知県名古屋市中区金山４丁目１−１ カーニープレイス名古屋金山ビル 6C,052-265-7229,https://maps.google.com/?cid=15587492119140225663&g_mp=Cidnb29nbGUubWFwcy5wbGFjZXMudjEuUGxhY2VzLlNlYXJjaFRleHQQAhgEIAA
5,上前津すずらん接骨院,4.9,231,https://suzuran-758.com/kamimaezu/,（未チェック: この環境から店舗サイトへ接続できず。--recheck で再実行のこと）,,1131.9,,日本、〒460-0011 愛知県名古屋市中区大須４丁目１１−４４ チサンマンション上前津 1F,052-261-0577,https://maps.google.com/?cid=1433898591502071377&g_mp=Cidnb29nbGUubWFwcy5wbGFjZXMudjEuUGxhY2VzLlNlYXJjaFRleHQQAhgEIAA
6,こころ整骨院 名古屋丸の内駅院,4.8,208,https://seitai.co.jp/store/nagoya-marunouchi/?utm_source=google&utm_medium=gbp&utm_campaign=gbp_nagoya-marunouchi&argument=QyssdmQI&dmai=S0623,（未チェック: この環境から店舗サイトへ接続できず。--recheck で再実行のこと）,,998.4,,日本、〒460-0002 愛知県名古屋市中区丸の内２丁目１４−１９ 安藤ビル 1F,052-684-8306,https://maps.google.com/?cid=13556576888911614200&g_mp=Cidnb29nbGUubWFwcy5wbGFjZXMudjEuUGxhY2VzLlNlYXJjaFRleHQQAhgEIAA
7,ReCORE鍼灸接骨院 中日ビル,4.7,207,https://recore.hitomio.co.jp/chunichi-building/?utm_source=google&utm_medium=maps&utm_campaign=googlemap&utm_term=chunichi-building,（未チェック: この環境から店舗サイトへ接続できず。--recheck で再実行のこと）,,972.9,,日本、〒460-0008 愛知県名古屋市中区栄４丁目１−１ 中日ビル 4階,052-228-7872,https://maps.google.com/?cid=8125646580903257147&g_mp=Cidnb29nbGUubWFwcy5wbGFjZXMudjEuUGxhY2VzLlNlYXJjaFRleHQQAhgEIAA
8,ひさや鍼灸接骨院,4.8,202,https://www.heart-medical.co.jp/shop/hisaya.html?utm_source=google&utm_medium=maps,（未チェック: この環境から店舗サイトへ接続できず。--recheck で再実行のこと）,,969.6,,日本、〒460-0002 愛知県名古屋市中区丸の内３丁目１８−１１,052-253-8010,https://maps.google.com/?cid=10306077907250303024&g_mp=Cidnb29nbGUubWFwcy5wbGFjZXMudjEuUGxhY2VzLlNlYXJjaFRleHQQAhgEIAA
9,NAORU整体 名古屋伏見院,4.9,197,https://www.naorusalon.com/shops/nagoyafushimi/?utm_medium=nagoyafushimi&utm_source=meo,（未チェック: この環境から店舗サイトへ接続できず。--recheck で再実行のこと）,,965.3,,日本、〒460-0003 愛知県名古屋市中区錦１丁目１３−２９ 小玉ビル 201号,050-5536-4585,https://maps.google.com/?cid=8060116165163199267&g_mp=Cidnb29nbGUubWFwcy5wbGFjZXMudjEuUGxhY2VzLlNlYXJjaFRleHQQAhgEIAA
10,ReCORE鍼灸接骨院 伏見,4.8,187,https://recore.hitomio.co.jp/fushimi/?utm_source=google&utm_medium=maps&utm_campaign=googlemap&utm_term=fushimi,（未チェック: この環境から店舗サイトへ接続できず。--recheck で再実行のこと）,,897.6,,日本、〒460-0008 愛知県名古屋市中区栄１丁目５−１ 安田ビル 1F みその,052-201-1939,https://maps.google.com/?cid=1802685186410572488&g_mp=Cidnb29nbGUubWFwcy5wbGFjZXMudjEuUGxhY2VzLlNlYXJjaFRleHQQAhgEIAA
11,しんさかえ鍼灸接骨院,4.8,177,https://www.heart-medical.co.jp/shop/shinsakae.html?utm_source=google&utm_medium=maps,（未チェック: この環境から店舗サイトへ接続できず。--recheck で再実行のこと）,,849.6,,日本、〒460-0007 愛知県名古屋市中区新栄２丁目１１−２１,052-684-4380,https://maps.google.com/?cid=9196298381433170870&g_mp=Cidnb29nbGUubWFwcy5wbGFjZXMudjEuUGxhY2VzLlNlYXJjaFRleHQQAhgEIAA
12,天仁接骨院,4.8,157,http://tenjinsekkotsuin.com/,（未チェック: この環境から店舗サイトへ接続できず。--recheck で再実行のこと）,,753.6,,日本、〒461-0012 愛知県名古屋市東区相生町７９−１,052-937-3771,https://maps.google.com/?cid=15917698457087360421&g_mp=Cidnb29nbGUubWFwcy5wbGFjZXMudjEuUGxhY2VzLlNlYXJjaFRleHQQAhgEIAA
13,みその鍼灸接骨院,4.6,156,https://www.heart-medical.co.jp/shop/misono.html?utm_source=google&utm_medium=maps,（未チェック: この環境から店舗サイトへ接続できず。--recheck で再実行のこと）,,717.6,,日本、〒460-0008 愛知県名古屋市中区栄一丁目１丁目１４−２０ 1階,052-265-8583,https://maps.google.com/?cid=8702777474848132504&g_mp=Cidnb29nbGUubWFwcy5wbGFjZXMudjEuUGxhY2VzLlNlYXJjaFRleHQQAhgEIAA
14,肩甲骨はがす整体,4.9,141,https://www.sari-seitai.com/,（未チェック: この環境から店舗サイトへ接続できず。--recheck で再実行のこと）,,690.9,,日本、〒460-0002 愛知県名古屋市中区丸の内２丁目１３−１６ 丸の内スクエア 602,080-6910-3219,https://maps.google.com/?cid=15805906718895410462&g_mp=Cidnb29nbGUubWFwcy5wbGFjZXMudjEuUGxhY2VzLlNlYXJjaFRleHQQAhgEIAA
15,ココロカラダメディカル整体院 上前津駅前院,4.7,140,https://seitai.co.jp/store/nagoya-kamimaezu/?utm_source=google&utm_medium=gbp&utm_campaign=gbp_nagoya-kamimaezu&argument=QyssdmQI&dmai=S0095,（未チェック: この環境から店舗サイトへ接続できず。--recheck で再実行のこと）,,658.0,,日本、〒460-0011 愛知県名古屋市中区大須４丁目１１−１０,052-253-9779,https://maps.google.com/?cid=2651706536591305036&g_mp=Cidnb29nbGUubWFwcy5wbGFjZXMudjEuUGxhY2VzLlNlYXJjaFRleHQQAhgEIAA
16,MAXIL conditioning salon 栄店,4.9,118,https://lin.ee/6bhQBHM,（未チェック: この環境から店舗サイトへ接続できず。--recheck で再実行のこと）,,578.2,,日本、〒460-0008 愛知県名古屋市中区栄５丁目２０−２４ Ｊレジデンス栄II 603,052-990-4455,https://maps.google.com/?cid=16420352650952003079&g_mp=Cidnb29nbGUubWFwcy5wbGFjZXMudjEuUGxhY2VzLlNlYXJjaFRleHQQAhgEIAA
17,ひろせ整体,4.3,126,https://3097o.crayonsite.net/,（未チェック: この環境から店舗サイトへ接続できず。--recheck で再実行のこと）,,541.8,,日本、〒460-0008 愛知県名古屋市中区栄４丁目９−１５,052-242-5017,https://maps.google.com/?cid=16587141853301554907&g_mp=Cidnb29nbGUubWFwcy5wbGFjZXMudjEuUGxhY2VzLlNlYXJjaFRleHQQAhgEIAA
18,栄あおば接骨院はりきゅう院,4.6,114,https://aoba-g.com/sakae/?utm_source=googles&utm_medium=maps,（未チェック: この環境から店舗サイトへ接続できず。--recheck で再実行のこと）,,524.4,,日本、〒460-0008 愛知県名古屋市中区栄３丁目４−５ メルサ栄本店 4階,052-212-5945,https://maps.google.com/?cid=9000193490640964631&g_mp=Cidnb29nbGUubWFwcy5wbGFjZXMudjEuUGxhY2VzLlNlYXJjaFRleHQQAhgEIAA
19,やすとも整体,4.8,103,http://yas-seitai.com/,（未チェック: この環境から店舗サイトへ接続できず。--recheck で再実行のこと）,,494.4,,日本、〒460-0007 愛知県名古屋市中区新栄１丁目４１−９ ニッシンセントラルレジデンス 2階,052-212-5886,https://maps.google.com/?cid=12428423932046398610&g_mp=Cidnb29nbGUubWFwcy5wbGFjZXMudjEuUGxhY2VzLlNlYXJjaFRleHQQAhgEIAA
20,すずらん鍼灸接骨院 サカエチカ院,4.9,100,https://suzuran-758.com/sakaechika/,（未チェック: この環境から店舗サイトへ接続できず。--recheck で再実行のこと）,,490.0,,日本、〒460-0008 愛知県名古屋市中区栄３丁目４−６,052-228-9781,https://maps.google.com/?cid=8952336097224211600&g_mp=Cidnb29nbGUubWFwcy5wbGFjZXMudjEuUGxhY2VzLlNlYXJjaFRleHQQAhgEIAA
21,ゆるまる治療院,5.0,96,https://yurumaruchiryouin.jp/,（未チェック: この環境から店舗サイトへ接続できず。--recheck で再実行のこと）,,480.0,,日本、〒460-0008 愛知県名古屋市中区栄２丁目４−１０ セントラル広小路ビル ８階,052-228-7996,https://maps.google.com/?cid=4426802032281516213&g_mp=Cidnb29nbGUubWFwcy5wbGFjZXMudjEuUGxhY2VzLlNlYXJjaFRleHQQAhgEIAA
22,タイコ接骨院,4.8,98,http://taico-bonesetter.com/,（未チェック: この環境から店舗サイトへ接続できず。--recheck で再実行のこと）,,470.4,,日本、〒460-0008 愛知県名古屋市中区栄５丁目１６−１１ Ｓ’ｚビル １階,052-717-2261,https://maps.google.com/?cid=703846729705274310&g_mp=Cidnb29nbGUubWFwcy5wbGFjZXMudjEuUGxhY2VzLlNlYXJjaFRleHQQAhgEIAA
23,新栄町接骨院,4.8,90,https://shinsakae-machi.com/,（未チェック: この環境から店舗サイトへ接続できず。--recheck で再実行のこと）,,432.0,,日本、〒460-0007 愛知県名古屋市中区新栄２丁目５−３ ヒルズ新栄3号館 １階,052-228-4221,https://maps.google.com/?cid=4309042804858068437&g_mp=Cidnb29nbGUubWFwcy5wbGFjZXMudjEuUGxhY2VzLlNlYXJjaFRleHQQAhgEIAA
24,コアの樹鍼灸接骨院 上前津,4.9,82,https://koanoki-sekkotuin.jp/,（未チェック: この環境から店舗サイトへ接続できず。--recheck で再実行のこと）,,401.8,,日本、〒460-0011 愛知県名古屋市中区大須３丁目４４−３８ 上前津Ｓビル １階,052-700-0378,https://maps.google.com/?cid=13719831116118724897&g_mp=Cidnb29nbGUubWFwcy5wbGFjZXMudjEuUGxhY2VzLlNlYXJjaFRleHQQAhgEIAA
25,おざ鍼灸院・整体院,5.0,79,https://oza-shinkyuin.jp/,（未チェック: この環境から店舗サイトへ接続できず。--recheck で再実行のこと）,,395.0,,日本、〒460-0002 愛知県名古屋市中区丸の内２丁目９−５ 清水ハイツ ３０１,080-1568-9762,https://maps.google.com/?cid=3208485955890058860&g_mp=Cidnb29nbGUubWFwcy5wbGFjZXMudjEuUGxhY2VzLlNlYXJjaFRleHQQAhgEIAA
26,あおば鍼灸院接骨院 栄ナディアパーク店,4.9,77,https://beauty.hotpepper.jp/kr/slnH000692114/?cstt=2,（未チェック: この環境から店舗サイトへ接続できず。--recheck で再実行のこと）,,377.3,,日本、〒460-0008 愛知県名古屋市中区栄３丁目１８−１ ナディアパーク 6F,052-265-6237,https://maps.google.com/?cid=8939762825371617638&g_mp=Cidnb29nbGUubWFwcy5wbGFjZXMudjEuUGxhY2VzLlNlYXJjaFRleHQQAhgEIAA
27,千種くま整体院,4.6,78,https://chikusa.kuma-born.com/,（未チェック: この環境から店舗サイトへ接続できず。--recheck で再実行のこと）,,358.8,,日本、〒460-0007 愛知県名古屋市中区新栄３丁目３−３ 9-2 G style千種,052-228-8485,https://maps.google.com/?cid=3611627512899443030&g_mp=Cidnb29nbGUubWFwcy5wbGFjZXMudjEuUGxhY2VzLlNlYXJjaFRleHQQAhgEIAA
28,腰痛伊藤整体院,4.9,73,https://www.instagram.com/yamada_13561356?igsh=Zmhmb3BnOTlzNjJp&utm_source=qr,（未チェック: この環境から店舗サイトへ接続できず。--recheck で再実行のこと）,,357.7,,日本、〒460-0012 愛知県名古屋市中区千代田１丁目１３−１８ マザック千代田 503,080-3668-5208,https://maps.google.com/?cid=2797489382050251858&g_mp=Cidnb29nbGUubWFwcy5wbGFjZXMudjEuUGxhY2VzLlNlYXJjaFRleHQQAhgEIAA
29,BodyLuck 上前津 整体院,5.0,60,https://coubic.com/bodyluck,（未チェック: この環境から店舗サイトへ接続できず。--recheck で再実行のこと）,,300.0,,日本、〒460-0013 愛知県名古屋市中区上前津２丁目６−２６ パルスⅡ上前津 １０６,052-684-9097,https://maps.google.com/?cid=1715184711412578507&g_mp=Cidnb29nbGUubWFwcy5wbGFjZXMudjEuUGxhY2VzLlNlYXJjaFRleHQQAhgEIAA
30,エルスリー鍼灸治療院 〜鍼灸ボディケア＆トレーニング〜,4.9,58,https://www.l3seitai.com/,（未チェック: この環境から店舗サイトへ接続できず。--recheck で再実行のこと）,,284.2,,日本、〒460-0003 愛知県名古屋市中区錦２丁目１６−２４ ヨリマチFUSHIMI 601,080-1987-2594,https://maps.google.com/?cid=12050920321288118193&g_mp=Cidnb29nbGUubWFwcy5wbGFjZXMudjEuUGxhY2VzLlNlYXJjaFRleHQQAhgEIAA
